DHSID,DHSCLUST,ID_1CI201200000001,1,16CI201200000002,2,11CI201200000003,3,5CI201200000004,4,19CI201200000005,5,17CI201200000006,6,13CI201200000007,7,13CI201200000008,8,5CI201200000009,9,9CI201200000010,10,5CI201200000011,11,17CI201200000012,12,3CI201200000013,13,7CI201200000014,14,3CI201200000015,15,1CI201200000016,16,9CI201200000017,17,13CI201200000018,18,19CI201200000019,19,9CI201200000020,20,19CI201200000021,21,9CI201200000022,22,5CI201200000023,23,12CI201200000024,24,17CI201200000025,25,19CI201200000026,26,12CI201200000027,27,3CI201200000028,28,5CI201200000029,29,3CI201200000030,30,19CI201200000031,31,8CI201200000032,32,7CI201200000033,33,7CI201200000034,34,5CI201200000035,35,19CI201200000036,36,7CI201200000037,37,19CI201200000038,38,3CI201200000039,39,17CI201200000040,40,11CI201200000041,41,3CI201200000042,42,12CI201200000043,43,12CI201200000044,44,5CI201200000045,45,14CI201200000046,46,18CI201200000047,47,11CI201200000048,48,17CI201200000049,49,4CI201200000050,50,14CI201200000051,51,17CI201200000052,52,14CI201200000053,53,15CI201200000054,54,5CI201200000055,55,9CI201200000056,56,12CI201200000057,57,3CI201200000058,58,9CI201200000059,59,17CI201200000060,60,17CI201200000061,61,8CI201200000062,62,3CI201200000063,63,9CI201200000064,64,8CI201200000065,65,12CI201200000066,66,7CI201200000067,67,9CI201200000068,68,6CI201200000069,69,6CI201200000070,70,3CI201200000071,71,9CI201200000072,72,3CI201200000073,73,10CI201200000074,74,17CI201200000075,75,9CI201200000076,76,9CI201200000077,77,17CI201200000078,78,6CI201200000079,79,13CI201200000080,80,12CI201200000081,81,15CI201200000082,82,19CI201200000083,83,8CI201200000084,84,2CI201200000085,85,14CI201200000086,86,12CI201200000087,87,19CI201200000088,88,13CI201200000089,89,10CI201200000090,90,12CI201200000091,91,17CI201200000092,92,5CI201200000093,93,9CI201200000094,94,3CI201200000095,95,18CI201200000096,96,10CI201200000097,97,9CI201200000098,98,8CI201200000099,99,12CI201200000100,100,7CI201200000101,101,17CI201200000102,102,9CI201200000103,103,3CI201200000104,104,3CI201200000105,105,14CI201200000106,106,18CI201200000107,107,3CI201200000108,108,17CI201200000109,109,19CI201200000110,110,9CI201200000111,111,3CI201200000112,112,17CI201200000113,113,5CI201200000114,114,9CI201200000115,115,12CI201200000116,116,9CI201200000117,117,5CI201200000118,118,14CI201200000119,119,3CI201200000120,120,14CI201200000121,121,3CI201200000122,122,6CI201200000123,123,7CI201200000124,124,10CI201200000125,125,7CI201200000126,126,8CI201200000127,127,5CI201200000128,128,4CI201200000129,129,1CI201200000130,130,5CI201200000131,131,1CI201200000132,132,14CI201200000133,133,19CI201200000134,134,8CI201200000135,135,4CI201200000136,136,9CI201200000137,137,12CI201200000138,138,19CI201200000139,139,14CI201200000140,140,19CI201200000141,141,12CI201200000142,142,9CI201200000143,143,19CI201200000144,144,14CI201200000145,145,19CI201200000146,146,12CI201200000147,147,12CI201200000148,148,11CI201200000150,150,14CI201200000151,151,9CI201200000152,152,8CI201200000153,153,4CI201200000154,154,12CI201200000155,155,6CI201200000156,156,9CI201200000157,157,14CI201200000158,158,9CI201200000159,159,3CI201200000160,160,9CI201200000161,161,17CI201200000162,162,14CI201200000163,163,5CI201200000164,164,17CI201200000165,165,9CI201200000167,167,17CI201200000168,168,15CI201200000169,169,4CI201200000170,170,2CI201200000171,171,9CI201200000172,172,18CI201200000173,173,14CI201200000175,175,8CI201200000177,177,16CI201200000178,178,2CI201200000179,179,9CI201200000180,180,7CI201200000181,181,18CI201200000182,182,7CI201200000183,183,12CI201200000184,184,12CI201200000185,185,3CI201200000187,187,10CI201200000188,188,5CI201200000189,189,18CI201200000190,190,18CI201200000191,191,3CI201200000192,192,13CI201200000193,193,14CI201200000194,194,9CI201200000195,195,2CI201200000196,196,3CI201200000197,197,19CI201200000198,198,14CI201200000199,199,17CI201200000200,200,12CI201200000201,201,3CI201200000202,202,13CI201200000203,203,9CI201200000204,204,17CI201200000205,205,10CI201200000207,207,3CI201200000208,208,7CI201200000209,209,13CI201200000210,210,9CI201200000211,211,13CI201200000212,212,11CI201200000213,213,12CI201200000214,214,17CI201200000215,215,4CI201200000216,216,2CI201200000217,217,9CI201200000218,218,5CI201200000219,219,19CI201200000220,220,11CI201200000221,221,9CI201200000222,222,5CI201200000223,223,12CI201200000224,224,9CI201200000226,226,11CI201200000227,227,19CI201200000228,228,9CI201200000230,230,1CI201200000231,231,9CI201200000232,232,9CI201200000233,233,3CI201200000234,234,14CI201200000235,235,11CI201200000236,236,14CI201200000237,237,9CI201200000238,238,9CI201200000239,239,9CI201200000240,240,18CI201200000241,241,1CI201200000242,242,19CI201200000243,243,17CI201200000244,244,14CI201200000245,245,12CI201200000246,246,3CI201200000247,247,18CI201200000248,248,13CI201200000249,249,19CI201200000250,250,14CI201200000251,251,12CI201200000252,252,9CI201200000253,253,13CI201200000254,254,17CI201200000255,255,17CI201200000256,256,19CI201200000257,257,7CI201200000258,258,13CI201200000259,259,14CI201200000260,260,9CI201200000261,261,16CI201200000262,262,17CI201200000263,263,8CI201200000264,264,9CI201200000265,265,18CI201200000266,266,13CI201200000267,267,17CI201200000268,268,18CI201200000269,269,9CI201200000270,270,2CI201200000271,271,5CI201200000272,272,6CI201200000273,273,19CI201200000274,274,14CI201200000275,275,15CI201200000276,276,9CI201200000277,277,9CI201200000278,278,4CI201200000279,279,3CI201200000280,280,18CI201200000281,281,18CI201200000282,282,3CI201200000283,283,17CI201200000284,284,9CI201200000285,285,12CI201200000286,286,9CI201200000287,287,18CI201200000288,288,9CI201200000289,289,6CI201200000290,290,14CI201200000291,291,5CI201200000292,292,14CI201200000293,293,12CI201200000295,295,13CI201200000296,296,7CI201200000297,297,5CI201200000298,298,3CI201200000299,299,8CI201200000300,300,11CI201200000301,301,19CI201200000302,302,9CI201200000303,303,9CI201200000304,304,3CI201200000305,305,9CI201200000306,306,12CI201200000307,307,14CI201200000308,308,19CI201200000309,309,14CI201200000310,310,2CI201200000311,311,9CI201200000312,312,12CI201200000313,313,9CI201200000314,314,19CI201200000316,316,17CI201200000317,317,9CI201200000318,318,17CI201200000319,319,10CI201200000320,320,19CI201200000321,321,3CI201200000322,322,17CI201200000323,323,3CI201200000324,324,17CI201200000325,325,7CI201200000326,326,3CI201200000327,327,14CI201200000328,328,14CI201200000329,329,9CI201200000331,331,4CI201200000332,332,10CI201200000333,333,12CI201200000334,334,19CI201200000335,335,9CI201200000336,336,3CI201200000337,337,9CI201200000338,338,1CI201200000339,339,17CI201200000340,340,12CI201200000341,341,12CI201200000343,343,12CI201200000344,344,9CI201200000346,346,19CI201200000347,347,17CI201200000348,348,6CI201200000349,349,8CI201200000350,350,12CI201200000351,351,7CI201200000352,352,17